solver,search_player,runs,reward,stderr_reward,mean_steps,detection_rate,target_escaped_rate,observer_lost_rate,queries,max_depth,max_steps,search_epsilon,action_epsilon,prior_scale,elapsed_seconds,delta_vs_value_only
value_only,1,200,18.99192319145651,1.6635733636677745,36.04,0.775,0.0,0.69,100,5,50,0.1,0.0,0.0,49.882475125,0.0
online_transfer,1,200,15.84033804158784,1.3704359826881716,33.725,0.745,0.0,0.755,100,5,50,0.1,0.0,10.0,56.570817791,-3.151585149868671
refit_regret_transfer,1,200,18.524683783861718,1.526100235535959,35.545,0.77,0.0,0.645,100,5,50,0.1,0.0,10.0,51.789409833,-0.46723940759479277
value_only,2,200,-10.924341607183296,0.6556856406056893,39.245,0.7,0.415,0.0,100,5,50,0.1,0.0,0.0,41.066358917,0.0
online_transfer,2,200,-12.17436315952852,0.7409660742910882,38.175,0.695,0.425,0.0,100,5,50,0.1,0.0,10.0,49.081668875,-1.250021552345224
refit_regret_transfer,2,200,-12.681668908164024,0.6596007476370637,35.66,0.685,0.515,0.0,100,5,50,0.1,0.0,10.0,45.257743042,-1.7573273009807284
