solver,search_player,runs,reward,stderr_reward,mean_steps,detection_rate,target_escaped_rate,observer_lost_rate,queries,max_depth,max_steps,search_epsilon,action_epsilon,prior_scale,elapsed_seconds,delta_vs_value_only
value_only,1,200,18.99192319145651,1.6635733636677745,36.04,0.775,0.0,0.69,100,5,50,0.1,0.0,0.0,40.901658625,0.0
online_transfer,1,200,15.985853685545896,1.4054736419620537,33.98,0.76,0.0,0.725,100,5,50,0.1,0.0,25.0,49.797956458,-3.006069505910615
refit_regret_transfer,1,200,14.660356653293867,1.3015387946459902,32.915,0.765,0.0,0.685,100,5,50,0.1,0.0,25.0,52.256538792,-4.331566538162644
value_only,2,200,-10.924341607183296,0.6556856406056893,39.245,0.7,0.415,0.0,100,5,50,0.1,0.0,0.0,53.309764625,0.0
online_transfer,2,200,-12.940909952848985,0.620988441592165,37.66,0.775,0.425,0.0,100,5,50,0.1,0.0,25.0,63.400052584,-2.0165683456656893
refit_regret_transfer,2,200,-12.166383924488386,0.6021772283784445,34.04,0.715,0.56,0.0,100,5,50,0.1,0.0,25.0,56.650599375,-1.2420423173050903
