solver,uniform_random,heuristic,ppo_br
zero_oracle,0.29838340542262126,0.02478476059367157,-0.1477883608368105
value_oracle,0.6692007360590516,0.37707247786085035,0.05222777834646517
full_solver,0.5985953564830716,0.2735725238789141,-0.11609798802095105
