solver,uniform_random,heuristic,ppo_br
zero_oracle,0.3899831623469354,0.03624552812500016,0.03624552812500016
value_oracle,0.69299217545419,0.7509747625000036,0.5175097251455486
full_solver,0.6786690506333374,0.7319153162500031,0.7218941808095556
