solver,uniform_random,heuristic,ppo_br
zero_oracle,0.02010189646706098,0.035543638872221464,0.035543638872221464
value_oracle,0.007783089776378855,0.013932991491205159,0.02449204198746587
full_solver,0.008550863949486717,0.015786454426783638,0.016621316123609318
