solver,uniform_random,heuristic,ppo_br
zero_oracle,0.014940807578279931,0.02022906624180689,0.016733739343395157
value_oracle,0.009778157148090234,0.022593803277903123,0.023557137504068702
full_solver,0.012981466842392495,0.0239767218262446,0.024222540420616355
