solver,uniform_random,heuristic,ppo_br
zero_oracle,0.8100122856762391,0.9715778407962732,0.683425241567326
value_oracle,0.9957068992053297,1.0104675568784338,0.5452112226028709
full_solver,1.0760755103157498,1.0509810553833479,0.5097271193992079
