solver,uniform_random,heuristic,ppo_br
zero_oracle,0.8810084244828448,0.9627593777932542,0.9262343937053678
value_oracle,0.5838568196640845,0.575656296584068,0.703642641446815
full_solver,0.6251201035001986,0.5818425471268348,0.6705117864027151
