solver,uniform_random,heuristic,ppo_br
zero_oracle,17.155929338246825,19.309697705445956,16.5764735876989
value_oracle,22.88067750636974,24.288259708437643,15.346148680046658
full_solver,25.36794471930872,25.225837435284767,14.796842649530678
