solver,uniform_random,heuristic,ppo_br
zero_oracle,-14.967163726791005,-18.57733781278639,-17.16834225821367
value_oracle,-11.779245860676259,-13.150193126550818,-13.418433635692821
full_solver,-12.657647226450655,-13.738074906383408,-13.712938811775466
