solver,br_p1_reward,br_p1_stderr,br_p2_reward,br_p2_stderr,ppo_nashconv_lower_bound,ppo_nashconv_lower_bound_stderr,ppo_exploitability_half_lower_bound,ppo_exploitability_half_lower_bound_stderr
zero_oracle,-0.02353923062499996,0.03555046532618984,0.16841494823503791,0.017231496219190363,0.14487571761003795,0.03950645576181946,0.07243785880501898,0.01975322788090973
value_oracle,-0.44136170260245466,0.026816020572610715,0.028039300318334216,0.024001584346899082,-0.4133224022841204,0.035988539988612935,-0.2066612011420602,0.017994269994306467
full_solver,-0.6461478081250005,0.021887716341070167,0.14399232943159113,0.024352035387014078,-0.5021554786934094,0.032742842792242946,-0.2510777393467047,0.016371421396121473
