solver,search_player,runs,reward,stderr_reward,mean_steps,detection_rate,target_escaped_rate,observer_lost_rate,queries,max_depth,max_steps,search_epsilon,action_epsilon,prior_scale,elapsed_seconds,delta_vs_value_only
value_only,1,200,18.99192319145651,1.6635733636677745,36.04,0.775,0.0,0.69,100,5,50,0.1,0.0,0.0,40.590482291,0.0
online_transfer,1,200,13.839482965918695,1.3020346414817197,34.07,0.73,0.0,0.69,100,5,50,0.1,0.0,100.0,47.468247167,-5.152440225537816
refit_regret_transfer,1,200,14.80217584291284,1.5085826834874405,34.07,0.765,0.0,0.63,100,5,50,0.1,0.0,100.0,46.676829791,-4.189747348543671
value_only,2,200,-10.924341607183296,0.6556856406056893,39.245,0.7,0.415,0.0,100,5,50,0.1,0.0,0.0,43.736589875,0.0
online_transfer,2,200,-15.080605929026852,0.827843640480094,36.195,0.815,0.435,0.0,100,5,50,0.1,0.0,100.0,51.244135875,-4.156264321843556
refit_regret_transfer,2,200,-14.152432076520153,0.7995018313005646,33.96,0.725,0.495,0.0,100,5,50,0.1,0.0,100.0,45.602903833,-3.2280904693368573
