solver,uniform_random,heuristic,ppo_br
zero_oracle,0.22407284412559478,-0.354473120000001,-0.2355273731005192
value_oracle,0.6687038397565224,0.6874432750000018,0.5199148670403584
full_solver,0.6606588391303898,0.7446216137500034,0.5492777027806561
