solver,uniform_random,heuristic,ppo_br
zero_oracle,0.02089719279320831,0.031341489348523585,0.021296229680277782
value_oracle,0.008798240221672884,0.01928935326711321,0.01065758000399855
full_solver,0.010936635665207283,0.014582569135634068,0.0192420708441245
