solver,uniform_random,heuristic,ppo_br
zero_oracle,0.21613454691714096,-0.27052281874764644,-0.296441872769021
value_oracle,0.6483189572076632,0.3148385784725656,-0.08005789503443381
full_solver,0.5227309373568911,0.19809632873317776,0.34751335699523234
