solver,uniform_random,heuristic,ppo_br
zero_oracle,0.016811890626717067,0.018467940938908384,0.018004174172592976
value_oracle,0.010947307332330156,0.02417461657646099,0.02424879130069825
full_solver,0.015483888007028376,0.02464802922154291,0.02190802674586746
