solver,search_player,runs,reward,stderr_reward,mean_steps,detection_rate,target_escaped_rate,observer_lost_rate,queries,max_depth,max_steps,search_epsilon,action_epsilon,prior_scale,elapsed_seconds,delta_vs_value_only
value_only,1,200,18.99192319145651,1.6635733636677745,36.04,0.775,0.0,0.69,100,5,50,0.1,0.0,0.0,38.3422735,0.0
online_transfer,1,200,13.839482965918695,1.3020346414817197,34.07,0.73,0.0,0.69,100,5,50,0.1,0.0,100.0,44.859379375,-5.152440225537816
softplus_refit_regret_transfer,1,200,14.126133683612075,1.390692800058305,32.345,0.775,0.0,0.705,100,5,50,0.1,0.0,100.0,42.273600125,-4.865789507844436
value_only,2,200,-10.924341607183296,0.6556856406056893,39.245,0.7,0.415,0.0,100,5,50,0.1,0.0,0.0,41.056512375,0.0
online_transfer,2,200,-15.080605929026852,0.827843640480094,36.195,0.815,0.435,0.0,100,5,50,0.1,0.0,100.0,48.304650416,-4.156264321843556
softplus_refit_regret_transfer,2,200,-13.89255203373368,0.6837767621546157,33.75,0.73,0.545,0.0,100,5,50,0.1,0.0,100.0,43.569066625,-2.9682104265503835
