evaluations,mean_nash_gap,std_nash_gap,sem_nash_gap
32,0.25114785703374026,0.09004508369502272,0.015917872323315197
