rank,stage,attacker_x,attacker_y,attacker_heading,defender_x,defender_y,defender_heading,baseline_gap,transfer_gap,improvement,nonobviousness,root_entropy,score
1,selected,1.806285497972572,2.411204504285737,-0.2705116498710156,4.870234852067901,2.5076120564966677,-2.6982903330828334,0.2229762890765204,0.13100491364866984,0.0919713754278506,0.5,-0.0,0.0942011383186158
